Region,1_2_Facility_Name,1_6_Population_Served,1_3_Facility Category,Lat,Lon,2_Inpatients_Bed_2019,2_Inpatients_Bed_2020,2_Inpatients_Bed_2021,2_Inpatients_Bed_2022,2_Inpatients_Bed_2023,,3_Patients_Admitted_2019,3_Patients_Admitted_2020,3_Patients_Admitted_2021,3_Patients_Admitted_2022,3_Patients_Admitted_2023,3_Patients_Admitted_2023_1,4_Inpatients_days_2019,4_Inpatients_days_2020,4_Inpatients_days_2021,4_Inpatients_days_2022,4_Inpatients_days_2023,4_Inpatients_days_2023_1,,,,,,,,,,,5_1_Delivery_2019,5_1_Delivery_2020,5_1_Delivery_2021,5_1_Delivery_2022,5_1_Delivery_2023,5_1_Delivery_2023_1,8_1_Deliveries_all_2019,8_1_Deliveries_all_2020,8_1_Deliveries_all_2021,8_1_Deliveries_all_2022,8_1_Deliveries_all_2023,8_1_Deliveries_all_2023_1,,,,,,8_1_4_CS_perc_2019,8_1_4_CS_perc_2020,8_1_4_CS_perc_2021,8_1_4_CS_perc_2022,8_1_4_CS_perc_2023,8_2_Stillbirth_2019,8_2_Stillbirth_2020,8_2_Stillbirth_2021,8_2_Stillbirth_2022,8_2_Stillbirth_2023,8_2_Stillbirth_2023_1,,,8_3_Livebirth_2019,8_3_Livebirth_2020,8_3_Livebirth_2021,8_3_Livebirth_2022,8_3_Livebirth_2023,8_3_Livebirth_2023_1,8_4_Neonatal_Transfer_2019,8_4_Neonatal_Transfer_2020,8_4_Neonatal_Transfer_2021,8_4_Neonatal_Transfer_2022,8_4_Neonatal_Transfer_2023,8_4_Neonatal_Transfer_2023_1,8_5_Neonatal_Deaths_2019,8_5_Neonatal_Deaths_2020,8_5_Neonatal_Deaths_2021,8_5_Neonatal_Deaths_2022,8_5_Neonatal_Deaths_2023,8_5_Neonatal_Deaths_2023_1,,,,,,8_8_Maternal_Transfer_2019,8_8_Maternal_Transfer_2020,8_8_Maternal_Transfer_2021,8_8_Maternal_Transfer_2022,8_8_Maternal_Transfer_2023,8_8_Maternal_Transfer_2023_1,8.9_Maternal_Mortality_2019,8.9_Maternal_Mortality_2020,8.9_Maternal_Mortality_2021,8.9_Maternal_Mortality_2022,8.9_Maternal_Mortality_2023,8.9_Maternal_Mortality_2023_1,,,,,,13_1_Building_Size_sqm,,Year_of_Construction,Year_of_last_major_refurbishment,
Region,Name,Population 2023,Category,,,Beds 2019,Beds 2020,Beds 2021,Beds 2022,Beds 2023,"Beds / 1,000 population",Admissions 2019,Admissions 2020,Admissions 2021,Admissions 2022,Admissions 2023,Admissions 2023c,Inpatient days 2019,Inpatient days 2020,Inpatient days 2021,Inpatient days 2022,,Inpatient days 2023c,ALOS 2019,ALOS 2020,ALOS 2021,ALOS 2022,ALOS 2023,BOR 2019,BOR 2020,BOR 2021,BOR 2022,BOR 2023,Deliveries 2019,Deliveries 2020,Deliveries 2021,Deliveries 2022,Deliveries 2023,Deliveries 2023c ,Deliveries 2019,Deliveries 2020,Deliveries 2021,Deiveries 2022,Deliveries 2023,Deliveries 2023c,CS 2019,CS 2020,CS 2021,CS 2022,CS 2023c,CS rate (%) 2019,CS rate (%) 2020,CS rate (%) 2021,CS rate (%) 2022,CS rate (%) 2023,Stillbirths 2019,Stillbirths 2020,Stillbirths 2021,Stillbirths 2022,Stillbirths 2023,Stillbirths 2023c,Stillbirths 5yrs average,"Stillbirths / 1,000 LB",Livebirths 2019,Livebirths 2020,Livebirths 2021,Livebirths 2022,Livebirths 2023,Livebirths 2023c,Neonatal Transfer 2019,Neonatal Transfer 2020,Neonatal Transfer 2021,Neonatal Transfer 2022,Neonatal Transfer 2023,Neonatal Transfer 2023c,Neonatal Death 2019,Neonatal Death 2020,Neonatal Death 2021,Neonatal Death 2022,Neonatal Death 2023,Neonatal Death 2023c,NMR 2019,NMR 2020,NMR 2021,NMR 2022,NMR 2023c,Maternal Transfer 2019,Maternal Transfer 2020,Maternal Transfer 2021,Maternal Transfer 2022,Maternal Transfer 2023,Maternal Transfer 2023c,Maternal Deaths 2019,Maternal Deaths 2020,Maternal Deaths 2021,Maternal Deaths 2022,Maternal Deaths 2023c,Maternal Deaths 2023c,MMR 2019,MMR 2020,MMR 2021,MMR 2022,MMR 2023c,Building size (sqm),sqm / Bed,Year of construction,Last refur-bishment,
National,Republican PC,0,NPC,41.3644,69.336205,150,150,150,150,180,,"8,215","7,500","7,644","7,214","5,103","8,935","53,603","47,981","50,924","44,870","34,016","41,856",6.53,6.40,6.66,6.22,4.68,81.59,73.03,77.51,68.30,63.71,"5,683","5,554","5,544","4,966","3,597","4,328","5,683","5,554","5,544","4,966","3,597","4,796","2,408","2,572","2,533","2,137","2,077",0.42,0.46,0.46,0.43,0.48,63,0,44,38,26,35,36,0.85,"5,876","5,698","5,713","5,139","3,696","4,928",66,18,65,67,40,53,118,73,80,85,58,77,20.08,12.81,14.00,16.54,15.69,14,43,57,45,3,4,3,1,0,2,2,3,51.06,17.55,0.00,38.92,54.11,"26,040",145,1982,0,
Andijan,Andijan RPC,"3,322,700",RPC,40.749901,72.372205,200,200,200,210,210,0.58,"15,547","13,870","16,672","16,955","13,396","17,861","73,617","58,943","70,439","70,662","56,628","75,504",4.74,4.25,4.22,4.17,4.23,96.04,76.90,91.90,92.19,98.50,"8,097","7,835","9,065","8,942","7,001","9,335","8,097","7,835","9,065","8,942","7,001","9,335","2,840","3,102","3,753","3,505","3,713",0.35,0.40,0.41,0.39,0.40,193,221,257,223,189,252,229,3.14,"8,187","8,004","9,237","9,194","7,192","9,589",702,1007,1093,1181,619,825,252,341,385,445,304,405,30.78,42.60,41.68,48.40,42.27,2,0,3,2,3,4,2,7,5,4,4,5,24.43,87.46,54.13,43.51,55.62,"12,000",57,2022,0,
Andijan,Kurgantepa IDPC,"183,443",IDPC,40.738185,72.757014,90,90,90,94,100,0.55,"11,114","11,324","10,563","10,718","5,402","7,203","58,015","47,561","45,527","46,087",0,"32,124",5.22,4.20,4.31,4.30,4.46,158.95,130.30,124.73,126.27,88.01,"3,358","3,962","3,729","3,755","2,830","3,773","3,358","3,962","3,729","3,755","2,830","3,773",497,557,714,696,823,0.15,0.14,0.19,0.19,0.22,31,42,38,32,40,53,39,1.32,"3,502","3,829","3,716","3,733","2,818","3,757",22,21,23,8,21,28,2,12,9,8,13,17,0.57,3.13,2.42,2.14,4.61,39,43,54,68,100,133,0,1,1,0,2,3,0.00,26.12,26.91,0.00,70.97,"3,900",39,0,0,
Andijan,Pakhtabad IDPC,"200,187",IDPC,40.931248,72.504763,100,100,100,100,110,0.55,"16,022","17,623","14,812","14,198","13,778","18,371","83,635","74,017","63,840","61,051",0,"46,524",5.22,4.20,4.31,4.30,2.53,208.31,184.35,159.00,152.06,115.88,"4,431","4,987","4,017","5,078","4,034","5,379","4,431","4,987","4,017","5,068","4,025","5,367",900,978,"1,050","1,142",962,0.20,0.20,0.26,0.22,0.18,0,0,54,47,30,40,28,0.69,"4,431","4,987","5,002","5,033","4,020","5,360",39,47,51,63,36,48,63,64,61,60,52,69,14.22,12.83,12.20,11.92,12.94,12,18,20,16,9,12,0,0,0,1,2,3,0.00,0.00,0.00,19.87,49.75,"4,290",39,1984,2017,6
Andijan,Shakhrikhan IDPC,"317,210",IDPC,40.693827,72.064165,0,0,165,165,165,0.52,"6,678","6,224","7,026","8,405","7,056","9,408","34,857","26,139","35,625","27,432","18,509","41,629",5.22,4.20,5.07,3.26,4.42,57.88,43.40,59.15,45.55,69.12,0,0,"4,705","4,343","3,793","5,057",0,0,"4,705","4,343","3,793","5,057",0,0,713,704,"1,104",0.00,0.00,0.15,0.16,0.22,0,0,12,24,20,27,13,0.35,"3,300","3,364","4,707","4,344","3,793","5,057",0,0,88,66,109,145,0,0,23,12,29,39,0.00,0.00,4.89,2.76,7.65,0,0,65,70,12,16,0,0,1,1,1,1,0.00,0.00,21.24,23.02,26.36,"6,435",39,2020,0,
Andijan,Andijan CMH #1,"300,000",CMH,40.749183,72.359272,165,165,165,165,165,0.55,"11,195","10,129","12,350","11,231","8,488","11,317","56,121","49,380","62,504","59,280","41,075","54,767",5.01,4.88,5.06,5.28,4.84,93.19,81.99,103.78,98.43,90.94,"6,966","7,406","8,953","7,818","6,215","8,287","6,966","7,406","8,953","7,818","6,215","8,287","1,199","1,181","1,533","1,406","1,747",0.17,0.16,0.17,0.18,0.21,60,64,77,72,50,67,68,1.06,"6,965","7,412","8,938","7,806","6,210","8,280",59,70,62,60,45,60,43,33,63,39,22,29,6.17,4.45,7.05,5.00,3.54,0,0,0,0,0,0,0,0,0,0,0,0,0.00,0.00,0.00,0.00,0.00,"12,000",73,2014,2023,0
Andijan,Andijan CMH #2,"215,300",CMH,40.777508,72.352096,210,210,210,210,210,0.98,"16,338","13,956","14,515","16,753","11,942","15,923","77,606","57,902","64,676","73,560","51,400","68,533",4.75,4.15,4.46,4.39,4.30,101.25,75.54,84.38,95.97,89.41,"9,374","8,588","8,752","9,568","7,132","9,509","9,374","8,588","8,752","9,568","7,132","9,509","1,979","1,608","1,665","1,813","1,977",0.21,0.19,0.19,0.19,0.21,125,116,107,76,69,92,103,1.38,"9,349","8,565","8,729","9,875","7,134","9,512",0,0,0,0,0,0,81,72,51,50,45,60,8.66,8.41,5.84,5.06,6.31,0,0,0,0,0,0,0,0,0,1,0,0,0.00,0.00,0.00,10.13,0.00,"4,095",20,1991,2015,8
Andijan,Andijan DH,"250,517",MDH,40.796174,72.3747,110,110,110,110,110,0.44,"4,517","2,589","3,491","4,322","3,964","5,285","17,016","9,097","13,856","15,838","15,512","38,054",3.77,3.51,3.97,3.66,7.20,42.38,22.66,34.51,39.45,94.78,"2,660","3,245","3,575","3,400","2,690","3,587","2,642","3,214","3,538","3,392","2,678","3,571",413,466,453,463,471,0.16,0.14,0.13,0.14,0.13,15,16,12,13,11,15,14,0.52,"2,638","3,207","3,536","3,388","2,676","3,568",36,45,43,47,27,36,10,10,9,14,11,15,3.79,3.12,2.55,4.13,4.11,32,42,38,48,17,23,0,0,0,0,0,0,0.00,0.00,0.00,0.00,0.00,"1,225",11,1983,2010,13
Andijan,Asaka DMH #1,"89,603",DMH,40.665227,72.240679,95,95,95,95,95,1.06,"6,406","7,162","6,307","6,705","5,391","7,188","34,499","34,490","30,745","37,308","25,610","34,147",5.39,4.82,4.87,5.56,4.75,99.49,99.47,88.67,107.59,98.48,"3,556","5,088","4,011","4,179","3,333","4,444","3,556","5,088","4,011","4,179","3,333","4,444",192,421,369,519,549,0.05,0.08,0.09,0.12,0.12,41,50,32,35,29,39,39,1.14,"3,529","5,065","4,011","4,167","3,326","4,435",22,22,37,27,27,36,55,100,71,69,50,67,15.59,19.74,17.70,16.56,15.03,19,21,22,18,10,13,0,0,0,0,0,0,0.00,0.00,0.00,0.00,0.00,"1,250",13,1969,2017,6
Andijan,Asaka DMH #2,"89,603",DMH,40.643966,72.235426,90,90,90,90,90,1.00,"5,823","3,435","5,845","5,434","3,913","5,217","32,058","19,315","32,907","29,602","22,239","29,652",5.51,5.62,5.63,5.45,5.68,97.59,58.80,100.17,90.11,90.26,"3,149","2,301","3,902","3,574","2,459","3,279","3,149","2,301","3,902","3,574","2,459","3,279",194,139,407,433,475,0.06,0.06,0.10,0.12,0.14,49,25,56,34,19,25,38,1.66,"2,912","2,147","3,452","3,120","2,093","2,791",65,29,90,73,23,31,49,25,56,34,19,25,16.83,11.64,16.22,10.90,9.08,27,18,41,35,19,25,1,0,0,1,0,0,34.34,0.00,0.00,32.05,0.00,"1,282",14,1969,2015,8
Andijan,Balikchi DH #1,"192,085",MDH,40.876744,71.979361,60,60,60,60,60,0.31,"5,563","5,500","5,712","5,885","4,608","6,144","26,510","24,567","24,443","24,673","4,577","25,219",4.77,4.47,4.28,4.19,4.10,121.05,112.18,111.61,112.66,115.16,"2,159","2,678","2,432","2,466","2,113","2,817","2,159","2,678","2,432","2,466","2,113","2,817",334,418,462,453,572,0.15,0.16,0.19,0.18,0.20,26,34,22,20,23,31,27,1.27,"2,143","2,660","2,426","2,464","2,105","2,807",35,26,24,26,80,107,10,9,4,8,4,5,4.67,3.38,1.65,3.25,1.90,33,19,39,22,28,37,0,0,0,0,0,0,0.00,0.00,0.00,0.00,0.00,"1,323",22,1985,2023,0
Andijan,Balikchi DH #2,"192,085",MDH,40.902838,71.851865,50,50,50,50,50,0.26,"3,623","4,197","4,339","3,828","2,619","3,492","17,128","15,653","18,070","15,105","10,660","14,213",4.73,3.73,4.16,3.95,4.07,93.85,85.77,99.01,82.77,77.88,"1,898","1,978","2,322","2,325","1,345","1,793","1,898","1,978","2,322","2,325","1,345","1,793",124,114,158,332,199,0.07,0.06,0.07,0.14,0.11,17,27,21,26,13,17,22,1.39,"1,881","1,951","2,301","2,299","1,332","1,776",54,26,51,42,28,37,0,0,0,0,0,0,0.00,0.00,0.00,0.00,0.00,54,26,51,42,28,37,0,0,0,0,0,0,0.00,0.00,0.00,0.00,0.00,"1,002",20,1985,2023,0
Andijan,Izboskan DH,"250,333",MDH,40.893971,72.258867,135,135,135,135,135,0.54,"10,719","10,242","11,960","11,718","8,898","11,864","44,004","35,336","42,272","40,911","30,540","40,720",4.11,3.45,3.53,3.49,3.43,89.30,71.71,85.79,83.03,82.64,"4,569","5,292","5,445","5,181","3,708","4,944","4,569","5,292","5,514","5,254","3,748","4,997",729,"1,068","1,283","1,430","1,182",0.16,0.20,0.24,0.28,0.24,58,79,69,73,40,53,66,1.66,"4,511","5,213","5,445","5,181","3,708","4,944",198,241,295,341,214,285,42,79,69,73,29,39,9.31,15.15,12.67,14.09,7.82,556,625,948,882,723,964,2,1,1,2,1,1,44.34,19.18,18.37,38.60,26.97,"2,000",15,1984,2023,0
Andijan,Karasuv CMH,"35,997",CMH,40.728556,72.872356,60,60,60,60,60,1.67,"1,489","1,365","1,592","1,364","1,135","1,513","12,492","9,120","11,150","10,017","7,821","10,597",8.39,6.68,7.00,7.34,7.00,57.04,41.64,50.91,45.74,48.39,700,656,717,572,545,727,700,656,717,572,544,725,0,3,1,0,3,0.00,0.00,0.00,0.00,0.00,0,0,1,1,3,4,1,0.22,700,656,716,571,542,723,0,0,0,0,0,0,0,0,0,0,0,0,0.00,0.00,0.00,0.00,0.00,0,0,0,0,0,0,0,0,0,0,0,0,0.00,0.00,0.00,0.00,0.00,727,12,1974,2011,12
Andijan,Khanabad DH,"41,049",MDH,40.799108,72.994478,55,55,55,55,55,1.34,"2,053","2,049","2,043","2,457","1,774","2,365","9,215","9,805","10,245","10,712","9,030","12,040",4.49,4.79,5.01,4.36,5.09,45.90,48.84,51.03,53.36,59.98,"1,006","1,035","1,069","1,145",780,"1,040","1,006","1,035","1,069","1,145",780,"1,040",149,157,182,202,143,0.15,0.15,0.17,0.18,0.14,15,10,4,8,4,5,8,1.01,991,"1,025","1,064","1,137",776,"1,035",4,9,8,11,6,8,1,3,0,1,0,0,1.01,2.93,0.00,0.88,0.00,15,32,21,26,17,23,0,0,0,0,0,0,0.00,0.00,0.00,0.00,0.00,"2,482",45,1976,2016,7
Andijan,Khujabad DH,"117,177",MDH,40.606581,72.648097,102,102,102,102,105,0.90,"5,042","5,584","5,722","5,771","5,387","7,183","21,249","19,626","22,857","24,171","18,134","24,179",4.21,3.51,3.99,4.19,3.37,55.44,51.21,59.64,63.07,63.09,"2,558","2,653","2,763","3,021","2,370","3,160","2,544","2,649","2,757","3,016","2,361","3,148",465,488,495,487,613,0.18,0.18,0.18,0.16,0.19,22,17,11,19,15,20,18,0.76,"2,531","2,636","2,759","3,002","2,355","3,140",32,25,18,27,52,69,8,13,9,14,11,15,3.16,4.93,3.26,4.66,4.67,24,22,24,23,15,20,1,1,0,1,1,1,39.51,37.94,0.00,33.31,42.46,51,0,2021,0,
Andijan,Altynkul DH,"166,636",MDH,,,,,,,85,0.51,"4,713","4,263","3,821","4,264",,"5,276","31,156","32,978","29,861","27,240","20,222","26,963",6.61,7.74,7.81,6.39,5.11,100.42,106.29,96.25,87.80,86.91,"2,825","2,999","1,640","2,718",,"2,816",,,,,,,550,627,438,583,668,0.19,0.21,0.27,0.21,0.24,0,0,0,0,,0,0,0.00,"2,822","2,953","1,644","2,750",,"2,832",21,20,24,21,,28,7,9,13,7,,13,2.48,3.05,7.91,2.55,4.59,8,8,10,14,,16,0,0,0,0,,0,0.00,0.00,0.00,0.00,0.00,"1,842",22,2012,2023,0
Andijan,Markhamat DH,"166,066",MDH,,,,,,,80,0.48,"6,317","6,779","7,319","6,893",,"8,925","26,760","25,097","29,285","27,643","20,488","27,317",4.24,3.70,4.00,4.01,3.06,91.64,85.95,100.29,94.67,93.55,"3,325","3,976","4,150","3,960",,"5,160",,,,,,,512,784,702,797,936,0.15,0.20,0.17,0.20,0.18,11,10,9,13,,12,11,0.31,"3,156","3,979","4,150","3,960",,"5,160",132,140,135,141,,184,14,9,13,24,,19,4.44,2.26,3.13,6.06,3.68,0,0,0,0,,0,0,0,0,0,,0,0.00,0.00,0.00,0.00,0.00,"1,162",15,1982,2022,1
Andijan,Ulugnar DH,"62,970",MDH,40.74876,71.70853,35,35,35,35,35,0.56,"2,756","2,556","2,874","2,647","2,017","2,689","15,346","11,282","13,413","12,442","9,950","13,267",5.57,4.41,4.67,4.70,4.93,120.13,88.31,104.99,97.39,103.85,"1,023","1,262","1,115",988,696,928,"1,023","1,262","1,115",988,697,929,106,128,114,103,55,0.10,0.10,0.10,0.10,0.06,8,17,6,5,2,3,8,0.95,"1,018","1,253","1,112",988,699,932,8,10,8,6,6,8,0,0,0,0,0,0,0.00,0.00,0.00,0.00,0.00,150,30,186,190,169,225,1,0,1,0,1,1,98.23,0.00,89.93,0.00,143.06,292,8,1979,0,
Fergana,Fergana RPC,"3,976,300",RPC,40.369197,71.792625,220,220,220,220,220,0.36,"11,333","10,595","11,121","10,703","8,822","11,763","70,608","62,553","67,518","67,471","53,974","71,965",6.23,5.90,6.07,6.30,6.12,87.93,77.90,84.08,84.02,89.62,"6,542","6,850","7,223","6,916","5,430","7,240","6,542","6,850","7,223","6,916","5,430","7,240","1,709","1,955","2,282","2,542","2,805",0.26,0.29,0.32,0.37,0.39,234,195,234,221,197,263,229,3.98,"6,639","6,983","7,338","7,039","5,552","7,403",69,40,55,71,69,92,128,140,125,136,88,117,19.28,20.05,17.03,19.32,15.85,11,15,23,36,19,25,3,2,0,0,0,0,45.19,28.64,0.00,0.00,0.00,"38,056",173,1978,2023,0
Fergana,Besharik IDPC,"238,436",IDPC,40.439032,70.584461,100,100,100,100,115,0.48,"9,158","9,155","9,044","10,410","9,114","12,152","44,544","43,048","45,582","49,302","37,120","49,493",4.86,4.70,5.04,4.74,4.07,106.12,102.56,108.59,117.46,117.91,"4,829","5,138","5,193","5,390","4,040","5,387","4,829","5,138","5,193","5,390","4,040","5,387",548,680,792,852,940,0.11,0.13,0.15,0.16,0.17,18,40,38,40,40,53,38,0.92,"4,842","5,141","5,175","5,397","3,835","5,113",10,13,13,5,3,4,7,3,14,16,7,9,1.45,0.58,2.71,2.96,1.83,320,182,163,131,93,124,0,0,1,0,1,1,0.00,0.00,19.32,0.00,26.08,"5,000",43,2015,2022,1
Fergana,Margilan IDPC,"242,533",IDPC,40.474527,71.757252,116,116,116,116,116,0.48,"11,629","9,941","14,975","9,788","7,948","10,597","50,952","44,528","56,114","48,302","38,899","51,865",4.38,4.48,3.75,4.93,4.89,120.34,105.17,132.53,114.08,122.50,"6,190","5,839","7,143","5,747","4,663","6,217","4,303","3,810","5,984","4,524","4,673","6,231","1,177",855,997,892,770,0.19,0.15,0.14,0.16,0.12,37,36,37,39,45,60,42,0.97,"4,266","3,774","5,947","4,485","4,628","6,171",5,8,12,2,6,8,0,0,0,16,0,0,0.00,0.00,0.00,3.57,0.00,59,65,52,73,45,60,0,3,2,2,1,1,0.00,79.49,33.63,44.59,21.61,"3,047",26,1989,2022,1
Fergana,Kokand City IDPC,"303,620",IDPC,40.520501,70.949349,175,175,175,175,175,0.58,"11,812","11,127","10,925","11,442","9,584","12,779","56,097","51,643","47,158","51,565","41,833","55,777",4.75,4.64,4.32,4.51,4.36,87.82,80.85,73.83,80.73,87.32,"8,329","8,265","7,719","7,976","6,538","8,717","8,329","8,265","7,719","7,976","6,538","8,717","1,208","1,122",880,932,"1,045",0.15,0.14,0.11,0.12,0.12,9,21,31,42,42,56,32,0.48,"8,320","8,244","7,688","7,934","6,496","8,661",7,7,4,4,2,3,0,0,0,0,0,0,0.00,0.00,0.00,0.00,0.00,49,55,64,43,56,75,0,0,0,0,0,0,0.00,0.00,0.00,0.00,0.00,"5,938",34,1974,2022,1
Fergana,Kushtepa DH,"203,547",MDH,40.477674,71.64958,110,110,110,110,110,0.54,"9,021","8,992","9,816","10,516","7,927","10,569","44,335","39,866","44,152","44,740","33,630","44,840",4.91,4.43,4.50,4.25,4.24,110.42,99.29,109.97,111.43,111.68,"3,968","4,811","5,145","5,249","4,157","5,543","3,968","4,811","5,145","5,249","4,157","5,543",288,409,511,513,637,0.07,0.09,0.10,0.10,0.11,4,8,8,15,18,24,12,0.28,"3,985","4,843","5,191","5,279","4,180","5,573",5,4,6,5,3,4,0,0,0,0,0,0,0.00,0.00,0.00,0.00,0.00,168,8,78,75,60,80,2,1,1,2,1,1,50.19,20.65,19.26,37.89,23.92,875,8,1986,2013,10
Fergana,Oltiarik DH,"56,738",MDH,40.390113,71.478411,110,110,110,110,110,1.94,"10,531","10,727","10,403","11,754","8,715","11,620","43,700","43,156","47,821","45,716","33,758","45,011",4.15,4.02,4.60,3.89,3.87,108.84,107.49,119.11,113.86,112.11,"5,196","5,682","5,395","6,376","4,043","5,391","5,196","5,682","5,395","6,376","4,043","5,391",372,566,778,709,808,0.07,0.10,0.14,0.11,0.15,17,38,47,50,34,45,39,0.95,"4,454","4,969","5,418","5,352","3,991","5,321",11,12,13,12,4,5,0,0,0,0,0,0,0.00,0.00,0.00,0.00,0.00,67,83,92,98,90,120,2,2,2,2,0,0,44.90,40.25,36.91,37.37,0.00,"2,100",19,1978,2015,8
Fergana,Uzbekiston DH,"230,721",MDH,40.373179,70.837084,135,135,135,135,135,0.59,"9,993","9,618","10,885","10,405","8,306","11,075","54,154","47,603","51,310","48,452","34,551","46,068",5.42,4.95,4.71,4.66,4.16,109.90,96.61,104.13,98.33,93.49,"4,129","4,493","5,080","4,942","3,988","5,317","4,129","4,493","5,080","4,942","3,988","5,317",380,462,623,650,671,0.09,0.10,0.12,0.13,0.13,10,15,28,23,23,31,21,0.53,"4,135","4,514","5,099","4,967","4,007","5,343",32,72,99,93,84,112,0,0,0,0,0,0,0.00,0.00,0.00,0.00,0.00,186,137,156,72,70,93,1,1,0,0,0,0,24.18,22.15,0.00,0.00,0.00,"1,200",9,1974,2012,11
Fergana,Furkat DH,"124,284",MDH,40.473928,70.771715,50,50,50,50,50,0.40,"4,697","5,087","5,254","5,212","4,063","5,417","22,984","24,778","25,828","25,639","21,244","28,325",4.89,4.87,4.92,4.92,5.23,125.94,135.77,141.52,140.49,155.21,"2,355","2,828","3,209","3,377","2,533","3,377","2,355","2,828","3,209","3,377","2,533","3,377",246,279,426,470,440,0.10,0.10,0.13,0.14,0.13,15,25,21,10,11,15,17,0.77,"2,099","2,539","2,782","2,923","2,209","2,945",5,4,4,5,3,4,0,0,0,0,0,0,0.00,0.00,0.00,0.00,0.00,101,116,124,76,89,119,0,2,1,0,0,0,0.00,78.77,35.95,0.00,0.00,620,12,1986,2016,7
Fergana,Fergana CH,"318,000",MCH,40.438739,71.764056,180,180,180,180,180,0.57,"19,767","8,848","11,499","13,160","12,346","16,461","59,537","45,735","62,432","67,215","53,526","71,368",3.01,5.17,5.43,5.11,4.34,90.62,69.61,95.03,102.31,108.63,"5,313","3,772","4,822","7,730","6,166","8,221","5,313","3,772","4,822","7,730","6,166","8,221",981,675,955,"1,568","1,477",0.18,0.18,0.20,0.20,0.18,47,42,62,69,61,81,60,1.10,"5,321","3,772","4,823","7,749","6,183","8,244",0,0,0,0,0,0,0,0,0,0,0,0,0.00,0.00,0.00,0.00,0.00,0,0,0,0,0,0,0,0,0,0,0,0,0.00,0.00,0.00,0.00,0.00,"6,000",33,1960,2021,2
Fergana,Rishtan DH,"212,283",MDH,40.371556,71.268925,100,100,100,100,100,0.47,"8,246","7,919","8,220","8,143","7,444","9,925","40,394","39,560","43,301","40,053","33,663","44,884",4.90,5.00,5.27,4.92,4.52,110.67,108.38,118.63,109.73,122.97,"4,416","4,455","4,775","4,822","4,150","5,533","4,338","4,405","4,740","4,722","4,083","5,444",454,473,591,578,753,0.10,0.11,0.12,0.12,0.14,35,57,72,65,54,72,60,1.49,"4,412","4,427","4,743","4,795","4,142","5,523",3,2,5,7,9,12,0,0,0,0,0,0,0.00,0.00,0.00,0.00,0.00,174,134,172,130,116,155,2,1,2,0,0,0,45.33,22.59,42.17,0.00,0.00,"8,492",85,2021,2021,2
Fergana,Uchkuprik,,MDH,,,,,,,125,,,,,"13,835",,,,,,"51,362",,,,,,3.71,,,,,112.57,,,,,"6,486",,,,,,,,,,,,771,,,,,0.12,,,,,18,,,4,,,,,,,,,,,,,,,,,10,,,,,,,,,,,,,,,,,,,,,,,,,"1,725",14,1984,2018,5
Namangan,Namangan RPC,"2,997,500",RPC,40.985037,71.69755,210,210,210,210,266,0.55,"19,042","17,571","20,656","19,706","14,853","19,804","100,892","84,442","105,070","100,431","81,973","109,297",5.30,4.81,5.09,5.10,5.52,103.92,86.97,108.22,103.44,112.57,"11,852","11,055","11,721","11,397","8,448","11,264","11,852","11,055","11,721","11,397","8,448","11,264","2,141","3,681","4,063","4,203","4,187",0.18,0.33,0.35,0.37,0.37,277,135,177,166,137,183,188,2.04,"11,883","11,171","11,544","11,645","8,565","11,420",180,202,232,188,161,215,162,193,252,199,160,213,13.63,17.28,21.83,17.09,18.68,94,111,89,86,47,63,2,0,2,1,1,1,16.83,0.00,17.33,8.59,11.68,"3,438",13,1974,2013,10
Namangan,Yangikurgan IDPC,"222,417",IDPC,41.193101,71.73017,95,95,75,75,105,0.47,"6,874","7,366","8,002","8,354","6,061","8,081","46,725","47,905","51,733","52,503","35,383","47,177",6.80,6.50,6.47,6.28,5.84,121.92,125.00,134.98,136.99,123.10,"5,542","5,440","5,774","5,904","3,886","5,181","5,542","5,440","5,774","5,891","3,870","5,160",449,451,489,659,655,0.08,0.08,0.08,0.11,0.13,17,22,21,29,15,20,22,0.49,"5,093","5,448","5,653","5,756","4,200","5,600",75,34,35,48,50,67,1,3,9,15,11,15,0.20,0.55,1.59,2.61,2.62,33,31,29,33,16,21,1,0,0,0,0,0,19.63,0.00,0.00,0.00,0.00,"5,000",48,2015,2022,1
Namangan,Chust IDPC,"281,618",IDPC,41.016153,71.205602,130,130,130,130,130,0.46,"9,911","9,452","9,714","10,715","8,016","10,688","37,468","34,264","36,554","39,522","29,115","38,820",3.78,3.63,3.76,3.69,3.63,78.96,72.21,77.04,83.29,81.81,"5,967","6,161","6,715","6,892","5,332","7,109","5,967","6,161","6,715","6,892","5,332","7,109","1,066","1,165","1,346","1,387","1,391",0.18,0.19,0.20,0.20,0.20,19,18,10,19,19,25,18,0.34,"6,005","6,219","6,776","6,949","5,356","7,141",5,8,12,2,6,8,18,24,22,48,32,43,3.00,3.86,3.25,6.91,5.97,59,65,52,73,45,60,0,0,0,0,0,0,0.00,0.00,0.00,0.00,0.00,"3,860",30,1991,2016,7
Namangan,Namangan CMH #1,"223,580",CMH,41.005064,71.70672,230,230,230,230,230,1.03,"15,851","15,370","18,176","18,855","14,070","18,760","89,008","79,431","90,260","97,220","68,869","91,825",5.62,5.17,4.97,5.16,4.89,106.03,94.62,107.52,115.81,109.38,"8,366","9,328","10,054","9,996","7,557","10,076","8,366","9,328","10,054","9,996","7,557","10,076","1,152","1,202","1,354","1,561","1,644",0.14,0.13,0.13,0.16,0.16,77,65,104,76,41,55,75,0.97,"8,289","9,263","10,022","9,989","7,574","10,099",122,87,153,160,137,183,8,9,28,23,18,24,0.97,0.97,2.79,2.30,2.38,0,0,0,0,0,0,0,1,1,1,1,1,0.00,10.80,9.98,10.01,13.20,"9,903",43,1986,2019,4
Namangan,Namangan DH,"188,277",MDH,40.930082,71.584688,135,135,135,135,135,0.72,"7,691","7,431","7,598","8,263","6,504","8,672","38,827","36,942","37,244","41,024","32,420","43,227",5.05,4.97,4.90,4.96,4.98,78.80,74.97,75.58,83.26,87.73,"3,756","4,101","3,936","4,137","3,281","4,375","3,756","4,101","3,936","4,137","3,281","4,375",522,640,636,572,863,0.14,0.16,0.16,0.14,0.20,16,27,38,23,24,32,27,0.82,"3,756","4,100","3,920","4,145","3,270","4,360",43,12,16,11,15,20,15,16,16,11,9,12,3.99,3.90,4.08,2.65,2.75,0,0,0,0,0,0,0,0,0,0,0,0,0.00,0.00,0.00,0.00,0.00,"2,323",17,1986,2017,6
Namangan,Mingbulak DH,"134,038",MDH,40.860317,71.454747,75,75,75,75,75,0.56,"5,624","5,351","5,678","5,945","4,877","6,503","33,609","29,345","29,482","31,572","24,125","32,167",5.98,5.48,5.19,5.31,4.95,122.77,107.20,107.70,115.33,117.50,"2,945","3,275","3,432","3,357","2,574","3,432","2,945","3,275","3,432","3,357","2,574","3,432",209,350,307,337,492,0.07,0.11,0.09,0.10,0.14,9,15,11,13,11,15,13,0.47,"2,958","3,260","3,421","3,344","2,563","3,417",18,15,25,25,11,15,1,0,10,5,1,1,0.34,0.00,2.92,1.50,0.39,13,39,105,102,47,63,0,0,0,0,0,0,0.00,0.00,0.00,0.00,0.00,"1,347",18,1990,2014,9
Namangan,Davlatabad DH,"205,844",DMH,40.998645,71.5914,95,95,95,95,95,0.46,"8,783","3,746","8,314","8,075","6,158","8,211","48,392","40,763","43,224","45,220","33,750","45,000",5.51,10.88,5.20,5.60,5.48,139.56,117.56,124.65,130.41,129.78,"5,017","1,910","4,589","4,113","3,181","4,241","5,017","1,910","4,589","4,113","3,181","4,241",931,376,997,"1,026","1,247",0.19,0.20,0.22,0.25,0.29,53,29,35,29,25,33,36,1.10,"5,049","1,936","4,608","4,129","3,193","4,257",135,51,56,58,45,60,36,15,37,30,12,16,7.13,7.75,8.03,7.27,3.76,142,62,69,70,49,65,1,8,2,2,0,0,19.81,413.22,43.40,48.44,0.00,"6,705",71,1965,2016,7
Namangan,Uchkurgan DH,"179,592",MDH,41.110946,72.068019,160,160,160,160,145,0.81,"7,350","8,284","8,350","7,966","6,507","8,676","29,835","30,511","33,658","34,411","26,469","35,292",4.06,3.68,4.03,4.32,4.07,56.37,57.65,63.60,65.02,66.68,"2,330","3,079","3,284","3,191","2,533","3,377","2,330","3,079","3,284","3,191","2,533","3,377",527,623,688,719,836,0.23,0.20,0.21,0.23,0.25,12,10,14,16,11,15,13,0.52,"2,340","3,100","3,294","3,263","2,542","3,389",11,3,4,7,11,15,4,9,10,8,10,13,1.71,2.90,3.04,2.45,3.93,26,25,21,36,40,53,0,1,1,0,0,0,0.00,32.26,30.36,0.00,0.00,"2,590",18,1971,2019,4
Namangan,Turakurgon DH,"239,502",MDH,41.000177,71.503204,110,110,110,110,110,0.46,"9,074","8,299","9,717","9,966","7,550","10,067","42,215","37,441","43,847","43,144","32,221","42,961",4.65,4.51,4.51,4.33,4.27,105.14,93.25,109.21,107.46,107.00,"5,623","5,696","6,144","6,388","4,533","6,044","5,623","5,696","6,144","6,388","4,364","5,819",876,862,925,995,550,0.16,0.15,0.15,0.16,0.09,5,7,6,24,20,27,14,0.28,"5,447","5,742","6,183","6,407","4,790","6,387",270,283,278,292,159,212,9,10,13,24,19,25,1.65,1.74,2.10,3.75,3.97,76,92,86,112,84,112,0,0,0,1,2,3,0.00,0.00,0.00,15.61,41.75,"1,750",16,1979,2022,1
Namangan,Narin DH,"173,785",MDH,40.909346,72.121249,90,90,90,90,90,0.52,"5,152","4,806","4,818","5,577","3,977","5,303","5,152","4,806","5,218","18,307","3,977","5,303",1.00,1.00,1.08,3.28,1.00,15.68,14.63,15.88,55.73,16.14,"3,185","3,520","3,393","3,356","2,588","3,451","3,185","3,520","3,393","3,356","2,588","3,451",699,741,943,"1,003",873,0.22,0.21,0.28,0.30,0.25,9,9,3,6,11,15,8,0.31,"3,176","3,511","3,390","3,350","2,577","3,436",14,12,33,39,11,15,8,6,5,7,4,5,2.52,1.71,1.47,2.09,1.55,11,3,4,11,7,9,0,0,0,0,0,0,0.00,0.00,0.00,0.00,0.00,"1,936",22,1984,2016,7
Namangan,Pop DH,"226,280",MDH,40.882031,71.110287,125,145,145,145,145,0.64,"10,012","9,849","10,977","11,896","9,041","12,055","46,988","42,780","45,764","53,445","42,323","56,431",4.69,4.34,4.17,4.49,4.68,88.78,80.83,86.47,100.98,106.62,"4,414","4,541","5,194","5,337","4,285","5,713","4,414","4,541","5,194","5,337","4,285","5,713",600,657,690,800,968,0.14,0.14,0.13,0.15,0.17,28,30,36,36,51,68,40,0.94,"4,412","4,543","5,191","5,341","4,276","5,701",9,13,11,12,7,9,7,8,9,10,8,11,1.59,1.76,1.73,1.87,1.87,87,129,146,127,67,89,0,1,0,2,1,1,0.00,22.01,0.00,37.45,23.39,"6,343",44,2018,0,
Namangan,Uychi DH,"222,262",MDH,,,,,,,120,0.54,"5,904","6,130","6,307","6,114",,"8,431","29,699","30,226","30,913","30,926","31,640","42,186",5.03,4.93,4.90,5.06,5.00,67.81,69.01,70.58,70.61,96.32,"4,778","6,082","5,222","5,484",,"5,203",,,,,,,849,"1,045",916,"1,110","1,132",0.18,0.17,0.18,0.20,0.22,48,52,36,36,,28,40,1.14,"3,910","5,013","4,303","4,371",,"4,370",18,33,41,28,,27,29,37,32,26,,17,7.42,7.38,7.44,5.95,3.89,91,51,36,59,,19,0,0,0,0,,0,0.00,0.00,0.00,0.00,0.00,"3,200",27,1963,2017,6
,,,,,,,,,,,,,,,,,,,,,,,,,,,,,,,,,,,,,,,,,,,,,,,,,,,,,,,,,,,,,,,,,,,,,,,,,,,,,,,,,,,,,,,,,,,,,,,,,,,,,,,,,,,,
All,All,,,,,,,,,"5,182",,"361,585","332,011","365,056","383,562","276,754","393,768","1,761,002","1,549,615","1,716,821","1,786,147","1,220,874","1,756,588",4.87,4.67,4.70,4.66,4.46,93.10,81.93,90.77,94.43,92.87,"182,379","187,816","203,068","212,562","148,547","210,774",,,,,,,"30,974","34,080","39,214","42,054","43,453",16.98,18.15,19.31,19.78,20.62,"1,730","1,624","1,901","1,824","1,473","2,004","1,817",1.13,"181,233","187,116","201,167","202,760","148,604","210,501","2,542","2,671","3,222","3,281","2,129","3,078","1,188","1,325","1,498","1,527","1,026","1,417",6.56,7.08,7.45,7.53,6.90,"2,752","2,350","3,140","2,944","2,193","2,959",24,34,24,26,22,29,13.24,18.17,11.93,12.82,14.80,"204,846",40,1988,2077,
All regions,All,"10,296,500",,,,,,,,"5,002",0.49,"353,370","324,511","357,412","376,348","271,651","384,833","1,707,399","1,501,634","1,665,897","1,741,277","1,186,858","1,714,732",4.83,4.63,4.66,4.63,4.46,93.52,82.25,91.25,95.37,93.92,"176,696","182,262","197,524","207,596","144,950","206,446",,,,,,,"28,566","31,508","36,681","39,917","41,375",16.17,17.29,18.57,19.23,20.04,"1,667","1,624","1,857","1,786","1,447","1,969","1,781",1.13,"175,357","181,418","195,454","197,621","144,908","205,573","2,476","2,653","3,157","3,214","2,089","3,024","1,070","1,252","1,418","1,442",968,"1,340",6.10,6.90,7.25,7.30,6.68,"2,738","2,307","3,083","2,899","2,190","2,955",21,33,24,24,20,27,11.98,18.19,12.28,12.14,13.80,"175,606",35,1988,2140,
,,,,,,,,,,,,34.32,31.52,34.71,36.55,26.38,37.38,,,,,,,,,,,,,,,,,,,,,,,,,,,,,,,,,,,,,,,,,,,,,,,,,,,,,,,,,,,,,,,,,,,,,,,,,,,,,,,,,,,,,,,,,,,
,,,,,,,,,,,,,,,,,1.50,,,,,,,,,,,,,,,,,,,,,,,,,,,,,,,,,,,,,,,,,,,,,,,,,,,,,,,,,,,,,,,,,,,,,,,,,,,,,,,,,,,,,,,,,,,
Region,Population,Crude birth rate (2022),,,,,,,,Nb of live births (2023),Nb of live births registered in PCs,Delta,Delta (%),,,,,,,,,,,5.22,4.2,4.31,4.3,4.1,,,,,,,,,,,,,,,,,,,,,,,,,,,,,,,,,,,,,,,,,,,,,,,,,,,,,,,,,,,,,,,,,,,,,,,,,,,,,,,,
Andijan,"3,322,700",26.04,,,,,,,,"86,506","75,697","10,809",12.49,,,,,,,,,,,,,,,,,,,,,,,,,,,,,,,,,,,,,,,,,,,,,,,,,,,,,,,,,,,,,,,,,,,,,,,,,,,,,,,,,,,,,,,,,,,,,,,2023
Fergana,"3,976,300",25.48,,,,,,,,"101,308","60,297","41,011",40.48,,,,,,,,,,,,,,,,,,,,,,,,,,,,,,,,,,,,,,,,,,,,,,,,,,,,,,,,,,,,,,,,,,,,,,,,,,,,,,,,,,,,,,,,,,,,,,,
Namangan,"2,997,500",27.47,,,,,,,,"82,330","69,578","12,752",15.49,,,,,,,,,,,,,,,,,,,,,,,,,,,,,,,,,,,,,,,,,,,,,,,,,,,,,,,,,,,,,,,,,,,,,,,,,,,,,,,,,,,,,,,,,,,,,,,
All,"10,296,500",26.24,,,,,,,,"270,144","205,573","64,571",23.90,,,,,,,,,,,,,,,,,,,,,,,,,,,,,,,,,,,,,,,,,,,,,,,,,,,,,,,,,,,,,,,,,,,,,,,,,,,,,,,,,,,,,,,,,,,,,,,